Code|Name|Unnamed: 2|Latin Name|From|Group|Type|Description
AP001|Nasi||||Sereal|Olahan/Produk|
AP002|Nasi kukus||||Sereal|Olahan/Produk|
AP003|Tapai beras||||Sereal|Olahan/Produk|
AP004|Tepung beras mentah||||Sereal|Olahan/Produk|
AP005|Beras merah||||Sereal|Olahan/Produk|
AP006|Bihun mentah||||Sereal|Olahan/Produk|
AP007|Bihun goreng instan||||Sereal|Olahan/Produk|
AP008|Bihun jagung mentah||||Sereal|Olahan/Produk|
AP009|Nasi jagung||||Sereal|Olahan/Produk|
AP010|Jagung muda rebus||||Sereal|Olahan/Produk|
AP011|Tepung jagung kuning||||Sereal|Olahan/Produk|
AP012|Jagung pipil kuning rebus||||Sereal|Olahan/Produk|
AP013|Tepung jagung putih||||Sereal|Olahan/Produk|
AP014|Ketupat ketan||||Sereal|Olahan/Produk|
AP015|Ketan hitam masak||||Sereal|Olahan/Produk|
AP016|Tapai ketan hitam||||Sereal|Olahan/Produk|
AP017|Ketan putih masak||||Sereal|Olahan/Produk|
AP018|Tapai ketan putih||||Sereal|Olahan/Produk|
AP019|Tepung maizena||||Sereal|Olahan/Produk|
AP020|Makaroni mentah||||Sereal|Olahan/Produk|
AP021|Mie basah||||Sereal|Olahan/Produk|
AP022|Mie kering||||Sereal|Olahan/Produk|
AP023|Misua||||Sereal|Olahan/Produk|
AP024|Roti tawar putih||||Sereal|Olahan/Produk|
AP025|Tepung terigu||||Sereal|Olahan/Produk|
AP026|Amparan tatak||||Sereal|Olahan/Produk|
AP027|Kue apang kukus||||Sereal|Olahan/Produk|
AP028|Kue apem||||Sereal|Olahan/Produk|
AP029|Biskuit||||Sereal|Olahan/Produk|
AP030|Kue bakpia||||Sereal|Olahan/Produk|
AP031|Bakwan||||Sereal|Olahan/Produk|
AP032|Bantal||||Sereal|Olahan/Produk|
AP033|Baruasa||||Sereal|Olahan/Produk|
AP034|Batar daan||||Sereal|Olahan/Produk|
AP035|Bika ambon||||Sereal|Olahan/Produk|
AP036|Bingka||||Sereal|Olahan/Produk|
AP037|Bobengka||||Sereal|Olahan/Produk|
AP038|Bolu peca||||Sereal|Olahan/Produk|
AP039|Brem||||Sereal|Olahan/Produk|
AP040|Bubur tinotuan (Manado)||||Sereal|Olahan/Produk|
AP041|Bolu tapai||||Sereal|Olahan/Produk|
AP042|Cangkuning||||Sereal|Olahan/Produk|
AP043|Dodol bali||||Sereal|Olahan/Produk|
AP044|Dodol galamai||||Sereal|Olahan/Produk|
AP045|Dodol kedondong||||Sereal|Olahan/Produk|
AP046|Dodol manado||||Sereal|Olahan/Produk|
AP047|Emping beras||||Sereal|Olahan/Produk|
AP048|Gemblong||||Sereal|Olahan/Produk|
AP049|Gendar goreng||||Sereal|Olahan/Produk|
AP050|Kerak nasi goreng||||Sereal|Olahan/Produk|
AP051|Gerontol jagung||||Sereal|Olahan/Produk|
AP052|Jagung titi||||Sereal|Olahan/Produk|
AP053|Japilus||||Sereal|Olahan/Produk|
AP054|Kakicak||||Sereal|Olahan/Produk|
AP055|Kambose||||Sereal|Olahan/Produk|
AP056|Kapusa||||Sereal|Olahan/Produk|
AP057|Keddo bodong||||Sereal|Olahan/Produk|
AP058|Kue kelepon||||Sereal|Olahan/Produk|
AP059|Kereput||||Sereal|Olahan/Produk|
AP060|Ketoprak||||Sereal|Olahan/Produk|
AP061|Ketupat kandangan||||Sereal|Olahan/Produk|
AP062|Koya||||Sereal|Olahan/Produk|
AP063|Koya mirasa||||Sereal|Olahan/Produk|
AP064|Koyabu||||Sereal|Olahan/Produk|
AP065|Kue ali||||Sereal|Olahan/Produk|
AP066|Kue bangen||||Sereal|Olahan/Produk|
AP067|Kue gelang||||Sereal|Olahan/Produk|
AP068|Kue jahe||||Sereal|Olahan/Produk|
AP069|Kue kelapa||||Sereal|Olahan/Produk|
AP070|Kue koa||||Sereal|Olahan/Produk|
AP071|Kue ku temu||||Sereal|Olahan/Produk|
AP072|Kue lumpur||||Sereal|Olahan/Produk|
AP073|Kue pelita||||Sereal|Olahan/Produk|
AP074|Kue putu cangkir||||Sereal|Olahan/Produk|
AP075|Kue sus||||Sereal|Olahan/Produk|
AP076|Kue thipan||||Sereal|Olahan/Produk|
AP077|Laksa/Putu mayang||||Sereal|Olahan/Produk|
AP078|Lapis legit||||Sereal|Olahan/Produk|
AP079|Lupis ketan||||Sereal|Olahan/Produk|
AP080|Manan samin||||Sereal|Olahan/Produk|
AP081|Martabak india||||Sereal|Olahan/Produk|
AP082|Martabak mesir||||Sereal|Olahan/Produk|
AP083|Masekat||||Sereal|Olahan/Produk|
AP084|Mie aceh rebus||||Sereal|Olahan/Produk|
AP085|Mie ayam||||Sereal|Olahan/Produk|
AP086|Mie bakso||||Sereal|Olahan/Produk|
AP087|Mie celon||||Sereal|Olahan/Produk|
AP088|Mie pangsit basah||||Sereal|Olahan/Produk|
AP089|Nasi gemuk||||Sereal|Olahan/Produk|
AP090|Nasi gurih||||Sereal|Olahan/Produk|
AP091|Nasi minyak||||Sereal|Olahan/Produk|
AP092|Nasi rames||||Sereal|Olahan/Produk|
AP093|Nopia spesial||||Sereal|Olahan/Produk|
AP094|Onde-onde||||Sereal|Olahan/Produk|
AP095|Padamaran||||Sereal|Olahan/Produk|
AP096|Pastel||||Sereal|Olahan/Produk|
AP097|Pulut||||Sereal|Olahan/Produk|
AP098|Pundut nasi||||Sereal|Olahan/Produk|
AP100|Putri selat||||Sereal|Olahan/Produk|
AP101|Putu sopa||||Sereal|Olahan/Produk|
AP102|Renggi goreng||||Sereal|Olahan/Produk|
AP103|Roti boong||||Sereal|Olahan/Produk|
AP104|Roti kulit coklat tua||||Sereal|Olahan/Produk|
AP105|Sarimuka||||Sereal|Olahan/Produk|
AP106|Spageti||||Sereal|Olahan/Produk|
AP107|Srikaya ketan||||Sereal|Olahan/Produk|
AP108|Sunduk lawang||||Sereal|Olahan/Produk|
AP109|Suwir-suwir||||Sereal|Olahan/Produk|
AP110|Tipa-tipa||||Sereal|Olahan/Produk|
AP111|Kue wajit||||Sereal|Olahan/Produk|
AP112|Widaran||||Sereal|Olahan/Produk|
AP113|Wingko babat||||Sereal|Olahan/Produk|
AP114|Yangko||||Sereal|Olahan/Produk|
AP99|Putri hijau||||Sereal|Olahan/Produk|
AR001|Beras giling mentah||||Sereal|Mentah|
AR002|Beras giling varian pelita mentah||||Sereal|Mentah|
AR003|Beras giling varian rojolele mentah||||Sereal|Mentah|
AR004|Beras hitam mentah||||Sereal|Mentah|
AR005|Nasi jagung kuning kering mentah||||Sereal|Mentah|
AR006|Nasi jagung putih kering mentah||||Sereal|Mentah|
AR007|Tepung ketan hitam mentah||||Sereal|Mentah|
AR008|Tepung ketan putih mentah||||Sereal|Mentah|
AR009|Padi ladang mentah||||Sereal|Mentah|
AR010|Beras menir mentah||||Sereal|Mentah|
AR011|Beras pratanak||||Sereal|Mentah|
AR012|Tepung beras mentah||||Sereal|Mentah|
AR013|Tepung beras merah mentah||||Sereal|Mentah|
AR014|Sorgum mentah||||Sereal|Mentah|
AR015|Jagung putren kuning mentah||||Sereal|Mentah|
AR016|Jagung pipil kuning kering mentah||||Sereal|Mentah|
AR017|Jagung pipil varian harapan kering||||Sereal|Mentah|
AR018|Jagung pipil varian metro kering||||Sereal|Mentah|
AR019|Jelai mentah||||Sereal|Mentah|
AR020|Jali mentah||||Sereal|Mentah|
AR021|Jampang huma mentah||||Sereal|Mentah|
BP001|Ubi kelapa bakar||||Akar dan Umbi Bertepung|Olahan/Produk|
BP002|Ubi kelapa kukus||||Akar dan Umbi Bertepung|Olahan/Produk|
BP003|Ubi tali rebus||||Akar dan Umbi Bertepung|Olahan/Produk|
BP004|Talas belitung kukus||||Akar dan Umbi Bertepung|Olahan/Produk|
BP005|Talas bentul kukus||||Akar dan Umbi Bertepung|Olahan/Produk|
BP006|Ubi gadung kukus||||Akar dan Umbi Bertepung|Olahan/Produk|
BP007|Ganyong rebus||||Akar dan Umbi Bertepung|Olahan/Produk|
BP008|Singkong kukus||||Akar dan Umbi Bertepung|Olahan/Produk|
BP009|Suweg kukus||||Akar dan Umbi Bertepung|Olahan/Produk|
BP010|Talas kukus||||Akar dan Umbi Bertepung|Olahan/Produk|
BP011|Ubi jalar kuning kukus||||Akar dan Umbi Bertepung|Olahan/Produk|
BP012|Ubi cina kukus||||Akar dan Umbi Bertepung|Olahan/Produk|
BP013|Bagea kelapa gurih||||Akar dan Umbi Bertepung|Olahan/Produk|
BP014|Bagea kelapa manis||||Akar dan Umbi Bertepung|Olahan/Produk|
BP015|Bagea kenari gurih||||Akar dan Umbi Bertepung|Olahan/Produk|
BP016|Bagea kenari manis||||Akar dan Umbi Bertepung|Olahan/Produk|
BP017|Bagea kualitas 1||||Akar dan Umbi Bertepung|Olahan/Produk|
BP018|Bagea kualitas 2||||Akar dan Umbi Bertepung|Olahan/Produk|
BP019|"Nasi ""Cerdas"""||||Akar dan Umbi Bertepung|Olahan/Produk|
BP020|Nasi ganyong||||Akar dan Umbi Bertepung|Olahan/Produk|
BP021|Nasi siger||||Akar dan Umbi Bertepung|Olahan/Produk|
BP022|Biji nangka/salak||||Akar dan Umbi Bertepung|Olahan/Produk|
BP023|Bubur sagu||||Akar dan Umbi Bertepung|Olahan/Produk|
BP024|Stik singkong||||Akar dan Umbi Bertepung|Olahan/Produk|
BP025|Ceriping getuk singkong||||Akar dan Umbi Bertepung|Olahan/Produk|
BP026|Gatot||||Akar dan Umbi Bertepung|Olahan/Produk|
BP027|Geblek||||Akar dan Umbi Bertepung|Olahan/Produk|
BP028|Getuk goreng||||Akar dan Umbi Bertepung|Olahan/Produk|
BP029|Getuk singkong||||Akar dan Umbi Bertepung|Olahan/Produk|
BP030|Gurandil||||Akar dan Umbi Bertepung|Olahan/Produk|
BP031|Kabuto||||Akar dan Umbi Bertepung|Olahan/Produk|
BP032|Kapurung||||Akar dan Umbi Bertepung|Olahan/Produk|
BP033|Kecimpring singkong goreng||||Akar dan Umbi Bertepung|Olahan/Produk|
BP034|Keremes||||Akar dan Umbi Bertepung|Olahan/Produk|
BP035|Keripik gadung||||Akar dan Umbi Bertepung|Olahan/Produk|
BP036|Keripik kentang||||Akar dan Umbi Bertepung|Olahan/Produk|
BP037|Keripik singkong||||Akar dan Umbi Bertepung|Olahan/Produk|
BP038|Keripik singkong berbumbu||||Akar dan Umbi Bertepung|Olahan/Produk|
BP039|Keripik ubi jalar||||Akar dan Umbi Bertepung|Olahan/Produk|
BP040|Keripik cumi goreng||||Akar dan Umbi Bertepung|Olahan/Produk|
BP041|Kerupuk kemplang (ikan) mentah||||Akar dan Umbi Bertepung|Olahan/Produk|
BP042|Kerupuk kemplang goreng||||Akar dan Umbi Bertepung|Olahan/Produk|
BP043|Kerupuk kemplang panggang||||Akar dan Umbi Bertepung|Olahan/Produk|
BP044|Keripik mie kuning goreng||||Akar dan Umbi Bertepung|Olahan/Produk|
BP045|Kerupuk udang goreng||||Akar dan Umbi Bertepung|Olahan/Produk|
BP046|Kue bangket||||Akar dan Umbi Bertepung|Olahan/Produk|
BP047|Kue putu singkong||||Akar dan Umbi Bertepung|Olahan/Produk|
BP048|Lanting getuk||||Akar dan Umbi Bertepung|Olahan/Produk|
BP049|Mie golosor||||Akar dan Umbi Bertepung|Olahan/Produk|
BP050|Mie bendo||||Akar dan Umbi Bertepung|Olahan/Produk|
BP051|Mie sagu||||Akar dan Umbi Bertepung|Olahan/Produk|
BP052|Ongol-ongol sagu||||Akar dan Umbi Bertepung|Olahan/Produk|
BP053|Oyek||||Akar dan Umbi Bertepung|Olahan/Produk|
BP054|Papeda||||Akar dan Umbi Bertepung|Olahan/Produk|
BP055|Rasbi (Nasi ubi jalar)||||Akar dan Umbi Bertepung|Olahan/Produk|
BP056|Rasi (Nasi singkong)||||Akar dan Umbi Bertepung|Olahan/Produk|
BP057|Sagu forno||||Akar dan Umbi Bertepung|Olahan/Produk|
BP058|Sagu lemak (Kue Sagon)||||Akar dan Umbi Bertepung|Olahan/Produk|
BP059|Sagu manis||||Akar dan Umbi Bertepung|Olahan/Produk|
BP060|Sagu rendang||||Akar dan Umbi Bertepung|Olahan/Produk|
BP061|Sinole sagu||||Akar dan Umbi Bertepung|Olahan/Produk|
BP062|Serimping talas dari Kebumen||||Akar dan Umbi Bertepung|Olahan/Produk|
BP063|Tapai singkong||||Akar dan Umbi Bertepung|Olahan/Produk|
BP064|Tepung garut||||Akar dan Umbi Bertepung|Olahan/Produk|
BP065|Tepung ganyong||||Akar dan Umbi Bertepung|Olahan/Produk|
BP066|Tepung gaplek||||Akar dan Umbi Bertepung|Olahan/Produk|
BP067|Tepung kentang kering||||Akar dan Umbi Bertepung|Olahan/Produk|
BP068|Tepung mocaf||||Akar dan Umbi Bertepung|Olahan/Produk|
BP069|Tepung talas kimpul||||Akar dan Umbi Bertepung|Olahan/Produk|
BP070|Tepung tapioka||||Akar dan Umbi Bertepung|Olahan/Produk|
BP071|Tepung talas beneng||||Akar dan Umbi Bertepung|Olahan/Produk|
BP072|Tepung ubi ungu||||Akar dan Umbi Bertepung|Olahan/Produk|
BP073|Tiwul||||Akar dan Umbi Bertepung|Olahan/Produk|
BP074|Tiwul instan||||Akar dan Umbi Bertepung|Olahan/Produk|
BP075|Ubi Cilembu||||Akar dan Umbi Bertepung|Olahan/Produk|
BP076|Uli ubi||||Akar dan Umbi Bertepung|Olahan/Produk|
BR001|Garut segar||||Akar dan Umbi Bertepung|Mentah|
BR002|Ubi gembili segar||||Akar dan Umbi Bertepung|Mentah|
BR003|Umbi ubi kelapa segar||||Akar dan Umbi Bertepung|Mentah|
BR004|Talas belitung segar||||Akar dan Umbi Bertepung|Mentah|
BR005|Bengkuang segar||||Akar dan Umbi Bertepung|Mentah|
BR006|Talas bentul (komba) segar||||Akar dan Umbi Bertepung|Mentah|
BR007|Gadung kering||||Akar dan Umbi Bertepung|Mentah|
BR008|Ubi gadung segar||||Akar dan Umbi Bertepung|Mentah|
BR009|Ganyong segar||||Akar dan Umbi Bertepung|Mentah|
BR010|Umbi gembili segar||||Akar dan Umbi Bertepung|Mentah|
BR011|Umbi hofa/liar segar||||Akar dan Umbi Bertepung|Mentah|
BR012|Umbi kaburan segar||||Akar dan Umbi Bertepung|Mentah|
BR013|Kentang segar||||Akar dan Umbi Bertepung|Mentah|
BR014|Kentang hitam shetland segar||||Akar dan Umbi Bertepung|Mentah|
BR015|Umbi keribang segar||||Akar dan Umbi Bertepung|Mentah|
BR016|Singkong segar||||Akar dan Umbi Bertepung|Mentah|
BR017|Umbi lepok/teki||||Akar dan Umbi Bertepung|Mentah|
BR018|Sagu aren kering||||Akar dan Umbi Bertepung|Mentah|
BR019|Sagu aren segar||||Akar dan Umbi Bertepung|Mentah|
BR020|Sagu kasbi segar||||Akar dan Umbi Bertepung|Mentah|
BR021|Sagu lempeng||||Akar dan Umbi Bertepung|Mentah|
BR022|Sagu singkong kering||||Akar dan Umbi Bertepung|Mentah|
BR023|Talas kimpul segar||||Akar dan Umbi Bertepung|Mentah|
BR024|Suweg segar||||Akar dan Umbi Bertepung|Mentah|
BR025|Talas segar||||Akar dan Umbi Bertepung|Mentah|
BR026|Talas pontianak segar||||Akar dan Umbi Bertepung|Mentah|
BR027|Talas viqueque segar||||Akar dan Umbi Bertepung|Mentah|
BR028|Ubi jalar kuning segar||||Akar dan Umbi Bertepung|Mentah|
BR029|Ubi jalar segar||||Akar dan Umbi Bertepung|Mentah|
BR030|Ubi jalar merah segar||||Akar dan Umbi Bertepung|Mentah|
BR031|Ubi jalar putih segar||||Akar dan Umbi Bertepung|Mentah|
BR032|Ubi cina||||Akar dan Umbi Bertepung|Mentah|
BR033|Ubi ungu segar||||Akar dan Umbi Bertepung|Mentah|
CP001|Kecipir rebus||||Biji-bijian dan Kacang-kacangan|Olahan/Produk|
CP002|Kacang bogor goreng||||Biji-bijian dan Kacang-kacangan|Olahan/Produk|
CP003|Kacang bogor rebus||||Biji-bijian dan Kacang-kacangan|Olahan/Produk|
CP004|Kacang gude rebus||||Biji-bijian dan Kacang-kacangan|Olahan/Produk|
CP005|Kacang hijau rebus||||Biji-bijian dan Kacang-kacangan|Olahan/Produk|
CP006|Kedelai goreng||||Biji-bijian dan Kacang-kacangan|Olahan/Produk|
CP007|Kedelai rebus||||Biji-bijian dan Kacang-kacangan|Olahan/Produk|
CP008|Kacang merah kering rebus||||Biji-bijian dan Kacang-kacangan|Olahan/Produk|
CP009|Kacang merah segar rebus||||Biji-bijian dan Kacang-kacangan|Olahan/Produk|
CP010|Kacang mete goreng||||Biji-bijian dan Kacang-kacangan|Olahan/Produk|
CP011|Kacang tanah rebus dengan kulit||||Biji-bijian dan Kacang-kacangan|Olahan/Produk|
CP012|Kacang tanah goreng||||Biji-bijian dan Kacang-kacangan|Olahan/Produk|
CP013|Kacang tanah rebus||||Biji-bijian dan Kacang-kacangan|Olahan/Produk|
CP014|Kacang tunggak rebus||||Biji-bijian dan Kacang-kacangan|Olahan/Produk|
CP015|Ampas kacang hijau||||Biji-bijian dan Kacang-kacangan|Olahan/Produk|
CP016|Ampas tahu mentah||||Biji-bijian dan Kacang-kacangan|Olahan/Produk|
CP017|Ampas tahu kukus||||Biji-bijian dan Kacang-kacangan|Olahan/Produk|
CP018|Ampas tahu kering||||Biji-bijian dan Kacang-kacangan|Olahan/Produk|
CP019|Pepes oncom ampas tahu||||Biji-bijian dan Kacang-kacangan|Olahan/Produk|
CP020|Bungkil biji karet||||Biji-bijian dan Kacang-kacangan|Olahan/Produk|
CP021|Bungkil kacang tanah||||Biji-bijian dan Kacang-kacangan|Olahan/Produk|
CP022|Bungkil kelapa||||Biji-bijian dan Kacang-kacangan|Olahan/Produk|
CP023|Dodol banjarmasin||||Biji-bijian dan Kacang-kacangan|Olahan/Produk|
CP024|Emping melinjo||||Biji-bijian dan Kacang-kacangan|Olahan/Produk|
CP025|Emping koro||||Biji-bijian dan Kacang-kacangan|Olahan/Produk|
CP026|Enting-enting gepuk merek hello kity||||Biji-bijian dan Kacang-kacangan|Olahan/Produk|
CP027|Enting-enting gepuk kacang||||Biji-bijian dan Kacang-kacangan|Olahan/Produk|
CP028|Enting-enting wijen||||Biji-bijian dan Kacang-kacangan|Olahan/Produk|
CP029|Geplak||||Biji-bijian dan Kacang-kacangan|Olahan/Produk|
CP030|Geplak jahe||||Biji-bijian dan Kacang-kacangan|Olahan/Produk|
CP031|Kacang atom||||Biji-bijian dan Kacang-kacangan|Olahan/Produk|
CP032|Kacang goyang||||Biji-bijian dan Kacang-kacangan|Olahan/Produk|
CP033|Kacang negara||||Biji-bijian dan Kacang-kacangan|Olahan/Produk|
CP034|Kacang sukro||||Biji-bijian dan Kacang-kacangan|Olahan/Produk|
CP035|Kacang tanah sari||||Biji-bijian dan Kacang-kacangan|Olahan/Produk|
CP036|Selai kacang||||Biji-bijian dan Kacang-kacangan|Olahan/Produk|
CP037|Kembang tahu||||Biji-bijian dan Kacang-kacangan|Olahan/Produk|
CP038|Kembang tahu kukus||||Biji-bijian dan Kacang-kacangan|Olahan/Produk|
CP039|Keripik oncom||||Biji-bijian dan Kacang-kacangan|Olahan/Produk|
CP040|Keripik tempe||||Biji-bijian dan Kacang-kacangan|Olahan/Produk|
CP041|Keripik tempe merek abadi ukuran besar||||Biji-bijian dan Kacang-kacangan|Olahan/Produk|
CP042|Keripik tempe merek abadi original||||Biji-bijian dan Kacang-kacangan|Olahan/Produk|
CP043|Keripik tempe merek abadi ukuran sedang||||Biji-bijian dan Kacang-kacangan|Olahan/Produk|
CP044|Keripik tempe merek abadi dengan telur||||Biji-bijian dan Kacang-kacangan|Olahan/Produk|
CP045|Keripik tempe merek abadi kualitas utama||||Biji-bijian dan Kacang-kacangan|Olahan/Produk|
CP046|Kwaci (biji bunga matahari kering)||||Biji-bijian dan Kacang-kacangan|Olahan/Produk|
CP047|Emping melinjo tebal goreng manis||||Biji-bijian dan Kacang-kacangan|Olahan/Produk|
CP048|Emping melinjo tebal goreng gurih||||Biji-bijian dan Kacang-kacangan|Olahan/Produk|
CP049|Emping melinjo tipis goreng||||Biji-bijian dan Kacang-kacangan|Olahan/Produk|
CP050|Tahu bulan||||Biji-bijian dan Kacang-kacangan|Olahan/Produk|
CP051|Oncom||||Biji-bijian dan Kacang-kacangan|Olahan/Produk|
CP052|Oncom ampas kacang hijau||||Biji-bijian dan Kacang-kacangan|Olahan/Produk|
CP053|Oncom kacang hijau + singkong||||Biji-bijian dan Kacang-kacangan|Olahan/Produk|
CP054|Pepes oncom kacang||||Biji-bijian dan Kacang-kacangan|Olahan/Produk|
CP055|Rempeyek kacang tanah||||Biji-bijian dan Kacang-kacangan|Olahan/Produk|
CP056|Rempeyek kacang tunggak||||Biji-bijian dan Kacang-kacangan|Olahan/Produk|
CP057|Rempeyek kacang uci||||Biji-bijian dan Kacang-kacangan|Olahan/Produk|
CP058|Sayur lebui||||Biji-bijian dan Kacang-kacangan|Olahan/Produk|
CP059|Susu kedelai bubuk||||Biji-bijian dan Kacang-kacangan|Olahan/Produk|
CP060|Susu kedelai||||Biji-bijian dan Kacang-kacangan|Olahan/Produk|
CP061|Tahu mentah||||Biji-bijian dan Kacang-kacangan|Olahan/Produk|
CP062|Tahu goreng||||Biji-bijian dan Kacang-kacangan|Olahan/Produk|
CP063|Tahu telur||||Biji-bijian dan Kacang-kacangan|Olahan/Produk|
CP064|Takwa||||Biji-bijian dan Kacang-kacangan|Olahan/Produk|
CP065|Tauco||||Biji-bijian dan Kacang-kacangan|Olahan/Produk|
CP066|Tauco merek beruang (kue)||||Biji-bijian dan Kacang-kacangan|Olahan/Produk|
CP067|Tauco merek DAS (kue)||||Biji-bijian dan Kacang-kacangan|Olahan/Produk|
CP068|Tauco merek meong||||Biji-bijian dan Kacang-kacangan|Olahan/Produk|
CP069|Tauji merek singa||||Biji-bijian dan Kacang-kacangan|Olahan/Produk|
CP070|Tempe bongkrek||||Biji-bijian dan Kacang-kacangan|Olahan/Produk|
CP071|Tempe gembus P3G||||Biji-bijian dan Kacang-kacangan|Olahan/Produk|
CP072|Tempe gembus yogya||||Biji-bijian dan Kacang-kacangan|Olahan/Produk|
CP073|Tempe koro benguk||||Biji-bijian dan Kacang-kacangan|Olahan/Produk|
CP074|Tempe kecipir||||Biji-bijian dan Kacang-kacangan|Olahan/Produk|
CP075|Tempe kedelai + jagung||||Biji-bijian dan Kacang-kacangan|Olahan/Produk|
CP076|Tempe kedelai murni goreng||||Biji-bijian dan Kacang-kacangan|Olahan/Produk|
CP077|Tempe kedelai murni mentah||||Biji-bijian dan Kacang-kacangan|Olahan/Produk|
CP078|Tempe koro benguk||||Biji-bijian dan Kacang-kacangan|Olahan/Produk|
CP079|Tempe lamtoro||||Biji-bijian dan Kacang-kacangan|Olahan/Produk|
CP080|Tempe lamtoro varian gung dengan kulit||||Biji-bijian dan Kacang-kacangan|Olahan/Produk|
CP081|Tempe lamtoro varian gung tanpa kulit||||Biji-bijian dan Kacang-kacangan|Olahan/Produk|
CP082|Tempe pasaran||||Biji-bijian dan Kacang-kacangan|Olahan/Produk|
CP083|Tempe pasaran goreng||||Biji-bijian dan Kacang-kacangan|Olahan/Produk|
CP084|Tepung hunkwe||||Biji-bijian dan Kacang-kacangan|Olahan/Produk|
CP085|Tepung jalejo||||Biji-bijian dan Kacang-kacangan|Olahan/Produk|
CP086|Tepung kedelai||||Biji-bijian dan Kacang-kacangan|Olahan/Produk|
CR001|Kacang arab kering||||Biji-bijian dan Kacang-kacangan|Mentah|
CR002|Koro benguk kering||||Biji-bijian dan Kacang-kacangan|Mentah|
CR003|Kecipir kering||||Biji-bijian dan Kacang-kacangan|Mentah|
CR004|Biji jarak segar||||Biji-bijian dan Kacang-kacangan|Mentah|
CR005|Kacang bogor kering||||Biji-bijian dan Kacang-kacangan|Mentah|
CR006|Kacang bogor segar||||Biji-bijian dan Kacang-kacangan|Mentah|
CR007|Biji kacang uci kering||||Biji-bijian dan Kacang-kacangan|Mentah|
CR008|Kacang polong segar||||Biji-bijian dan Kacang-kacangan|Mentah|
CR009|Kacang galing segar||||Biji-bijian dan Kacang-kacangan|Mentah|
CR010|Biji kacang gude kering||||Biji-bijian dan Kacang-kacangan|Mentah|
CR011|Biji kacang gude segar||||Biji-bijian dan Kacang-kacangan|Mentah|
CR012|Kacang hijau varian bakti kering||||Biji-bijian dan Kacang-kacangan|Mentah|
CR013|Kacang hijau varian siwalik kering||||Biji-bijian dan Kacang-kacangan|Mentah|
CR014|Kacang hijau kering||||Biji-bijian dan Kacang-kacangan|Mentah|
CR015|Kedelai hitam kering||||Biji-bijian dan Kacang-kacangan|Mentah|
CR016|Kapri segar||||Biji-bijian dan Kacang-kacangan|Mentah|
CR017|Kedelai kering||||Biji-bijian dan Kacang-kacangan|Mentah|
CR018|Kedelai segar||||Biji-bijian dan Kacang-kacangan|Mentah|
CR019|Kacang kincai kering||||Biji-bijian dan Kacang-kacangan|Mentah|
CR020|Koro segar||||Biji-bijian dan Kacang-kacangan|Mentah|
CR021|Lentil kuning kering||||Biji-bijian dan Kacang-kacangan|Mentah|
CR022|Kacang gude kering||||Biji-bijian dan Kacang-kacangan|Mentah|
CR023|Kacang mentega kering||||Biji-bijian dan Kacang-kacangan|Mentah|
CR024|Kacang merah (Banda) kering||||Biji-bijian dan Kacang-kacangan|Mentah|
CR025|Kacang merah tua kering||||Biji-bijian dan Kacang-kacangan|Mentah|
CR026|Kacang merah kering||||Biji-bijian dan Kacang-kacangan|Mentah|
CR027|Kacang merah segar||||Biji-bijian dan Kacang-kacangan|Mentah|
CR028|Kacang mete segar||||Biji-bijian dan Kacang-kacangan|Mentah|
CR029|Biji kacang panjang kering||||Biji-bijian dan Kacang-kacangan|Mentah|
CR030|Biji kacang tanah||||Biji-bijian dan Kacang-kacangan|Mentah|
CR031|Biji kacang tanah tanpa kulit ari||||Biji-bijian dan Kacang-kacangan|Mentah|
CR032|Kacang tanah kering||||Biji-bijian dan Kacang-kacangan|Mentah|
CR033|Kacang tunggak kering||||Biji-bijian dan Kacang-kacangan|Mentah|
CR034|Kacang gude kering||||Biji-bijian dan Kacang-kacangan|Mentah|
CR035|Kacang uci kering||||Biji-bijian dan Kacang-kacangan|Mentah|
CR036|Kacang urei kering||||Biji-bijian dan Kacang-kacangan|Mentah|
CR037|Kacang kenari (Banda) kering||||Biji-bijian dan Kacang-kacangan|Mentah|
CR038|Kacang kenari kering||||Biji-bijian dan Kacang-kacangan|Mentah|
CR039|Polong koro segar||||Biji-bijian dan Kacang-kacangan|Mentah|
CR040|Koro andong kering||||Biji-bijian dan Kacang-kacangan|Mentah|
CR041|Biji koro benguk kering||||Biji-bijian dan Kacang-kacangan|Mentah|
CR042|Biji koro kerupuk segar||||Biji-bijian dan Kacang-kacangan|Mentah|
CR043|Biji koro loke segar||||Biji-bijian dan Kacang-kacangan|Mentah|
CR044|Koro roay kering||||Biji-bijian dan Kacang-kacangan|Mentah|
CR045|Biji koro wedus kering||||Biji-bijian dan Kacang-kacangan|Mentah|
CR046|Biji lamtoro muda segar||||Biji-bijian dan Kacang-kacangan|Mentah|
CR047|Biji lamtoro tua segar||||Biji-bijian dan Kacang-kacangan|Mentah|
CR048|Lamtoro varian gung tanpa kulit||||Biji-bijian dan Kacang-kacangan|Mentah|
CR049|Lamtoro varian lokal dengan kulit||||Biji-bijian dan Kacang-kacangan|Mentah|
CR050|Biji nangka segar||||Biji-bijian dan Kacang-kacangan|Mentah|
CR051|Saga merah kupas mentah||||Biji-bijian dan Kacang-kacangan|Mentah|
CR052|Wijen mentah||||Biji-bijian dan Kacang-kacangan|Mentah|
DP001|Bayam kukus||||Sayuran|Olahan/Produk|
DP002|Bayam rebus||||Sayuran|Olahan/Produk|
DP003|Buncis rebus||||Sayuran|Olahan/Produk|
DP004|Daun kacang panjang rebus||||Sayuran|Olahan/Produk|
DP005|Daun katuk rebus||||Sayuran|Olahan/Produk|
DP006|Daun kelor rebus||||Sayuran|Olahan/Produk|
DP007|Daun mengkudu kukus||||Sayuran|Olahan/Produk|
DP008|Daun singkong rebus||||Sayuran|Olahan/Produk|
DP009|Daun talas rebus||||Sayuran|Olahan/Produk|
DP010|Ubi jalar merah kukus||||Sayuran|Olahan/Produk|
DP011|Kacang panjang kukus||||Sayuran|Olahan/Produk|
DP012|Kacang panjang rebus||||Sayuran|Olahan/Produk|
DP013|Kangkung kukus||||Sayuran|Olahan/Produk|
DP014|Kangkung rebus||||Sayuran|Olahan/Produk|
DP015|Pare putih kukus||||Sayuran|Olahan/Produk|
DP016|Selada rebus||||Sayuran|Olahan/Produk|
DP017|Tauge goreng||||Sayuran|Olahan/Produk|
DP018|Tauge seduh||||Sayuran|Olahan/Produk|
DP019|Terong panjang kukus||||Sayuran|Olahan/Produk|
DP020|Wortel rebus||||Sayuran|Olahan/Produk|
DP021|Wortel kukus||||Sayuran|Olahan/Produk|
DP022|Asinan bogor||||Sayuran|Olahan/Produk|
DP023|Sayur anyang||||Sayuran|Olahan/Produk|
DP024|Sayur ares||||Sayuran|Olahan/Produk|
DP025|Arwan sisir||||Sayuran|Olahan/Produk|
DP026|Beberuk||||Sayuran|Olahan/Produk|
DP027|Botok lamtoro||||Sayuran|Olahan/Produk|
DP028|Botok talas||||Sayuran|Olahan/Produk|
DP029|Cammetutu||||Sayuran|Olahan/Produk|
DP030|Capcai sayur||||Sayuran|Olahan/Produk|
DP031|Gado-gado||||Sayuran|Olahan/Produk|
DP032|Sayur gudeg||||Sayuran|Olahan/Produk|
DP033|Gulai pakis||||Sayuran|Olahan/Produk|
DP034|Gulai pliek||||Sayuran|Olahan/Produk|
DP035|Kadada katembe||||Sayuran|Olahan/Produk|
DP036|Sayur kaparende||||Sayuran|Olahan/Produk|
DP037|Karedok||||Sayuran|Olahan/Produk|
DP038|Keripik bayam||||Sayuran|Olahan/Produk|
DP039|Kotiu hinela tawang nggole||||Sayuran|Olahan/Produk|
DP040|Lema/ Rebung asam||||Sayuran|Olahan/Produk|
DP041|Lilin bungkus gedi||||Sayuran|Olahan/Produk|
DP042|Olah-olah||||Sayuran|Olahan/Produk|
DP043|Paku hinela wulelenggapaya||||Sayuran|Olahan/Produk|
DP044|Pelecing kangkung||||Sayuran|Olahan/Produk|
DP045|Purundawa||||Sayuran|Olahan/Produk|
DP046|Rujak cingur||||Sayuran|Olahan/Produk|
DP047|Sayur asam||||Sayuran|Olahan/Produk|
DP048|Sayur bunga pepaya||||Sayuran|Olahan/Produk|
DP049|Sayur garu||||Sayuran|Olahan/Produk|
DP050|Sayur kohu-kohu||||Sayuran|Olahan/Produk|
DP051|Sayur lilin terubuk||||Sayuran|Olahan/Produk|
DP052|Sayur ndusuk||||Sayuran|Olahan/Produk|
DP053|Sup||||Sayuran|Olahan/Produk|
DP054|Sayur umbut kelapa||||Sayuran|Olahan/Produk|
DP055|Sayur umbut rotan||||Sayuran|Olahan/Produk|
DP056|Shabu-shabu||||Sayuran|Olahan/Produk|
DP057|Semur jengkol||||Sayuran|Olahan/Produk|
DP058|Tinira ninahu nggaluku||||Sayuran|Olahan/Produk|
DP059|Tumis bayam santan||||Sayuran|Olahan/Produk|
DP060|Balamak labu||||Sayuran|Olahan/Produk|
DP061|Woku ubi||||Sayuran|Olahan/Produk|
DR001|Akar teratai segar||||Sayuran|Mentah|
DR002|Tauge segar||||Sayuran|Mentah|
DR003|Andaliman segar||||Sayuran|Mentah|
DR004|Andewi segar||||Sayuran|Mentah|
DR005|Bawang daun segar||||Sayuran|Mentah|
DR006|Beligo segar||||Sayuran|Mentah|
DR007|Bawang bombay segar||||Sayuran|Mentah|
DR008|Bayam segar||||Sayuran|Mentah|
DR009|Bayam merah segar||||Sayuran|Mentah|
DR010|Bit segar||||Sayuran|Mentah|
DR011|Buah kelor||||Sayuran|Mentah|
DR012|Buah merah||||Sayuran|Mentah|
DR013|Buncis segar||||Sayuran|Mentah|
DR014|Bunga pepaya segar||||Sayuran|Mentah|
DR015|Bunga turi segar||||Sayuran|Mentah|
DR016|Caisim segar||||Sayuran|Mentah|
DR017|Daun bangun-bangun segar||||Sayuran|Mentah|
DR018|Daun bawang segar||||Sayuran|Mentah|
DR019|Daun bebuas segar||||Sayuran|Mentah|
DR020|Daun belem segar||||Sayuran|Mentah|
DR021|Daun beluntas segar||||Sayuran|Mentah|
DR022|Daun gandaria segar||||Sayuran|Mentah|
DR023|Daun gedi besar segar||||Sayuran|Mentah|
DR024|Daun gedi kecil segar||||Sayuran|Mentah|
DR025|Daun krokot segar||||Sayuran|Mentah|
DR026|Daun jembak bali segar||||Sayuran|Mentah|
DR027|Daun jembak serang segar||||Sayuran|Mentah|
DR028|Daun jipang muda segar||||Sayuran|Mentah|
DR029|Daun kaki kuda segar||||Sayuran|Mentah|
DR030|Daun jawaw seluang segar||||Sayuran|Mentah|
DR031|Daun jombang segar||||Sayuran|Mentah|
DR032|Daun laba-laba segar||||Sayuran|Mentah|
DR033|Daun kacang panjang segar||||Sayuran|Mentah|
DR034|Daun karet kebo segar||||Sayuran|Mentah|
DR035|Daun katuk segar||||Sayuran|Mentah|
DR036|Kecipir segar||||Sayuran|Mentah|
DR037|Daun kedondong segar||||Sayuran|Mentah|
DR038|Daun kelor segar||||Sayuran|Mentah|
DR039|Daun kemang segar||||Sayuran|Mentah|
DR040|Daun kenikir segar||||Sayuran|Mentah|
DR041|Daun kesum segar||||Sayuran|Mentah|
DR042|Daun sawi india segar||||Sayuran|Mentah|
DR043|Daun koro segar||||Sayuran|Mentah|
DR044|Daun kubis segar||||Sayuran|Mentah|
DR045|Daun lablab segar||||Sayuran|Mentah|
DR046|Daun labu siam segar||||Sayuran|Mentah|
DR047|Daun labu kuning segar||||Sayuran|Mentah|
DR048|Daun lamtoro segar||||Sayuran|Mentah|
DR049|Daun leilem segar||||Sayuran|Mentah|
DR050|Daun leunca segar||||Sayuran|Mentah|
DR051|Daun lobak segar||||Sayuran|Mentah|
DR052|Daun talas segar||||Sayuran|Mentah|
DR053|Daun mangkokan segar||||Sayuran|Mentah|
DR054|Daun matel ambon segar||||Sayuran|Mentah|
DR055|Daun melinjo segar||||Sayuran|Mentah|
DR056|Daun mengkudu segar||||Sayuran|Mentah|
DR057|Daun ndusuk segar||||Sayuran|Mentah|
DR058|Daun oyong segar||||Sayuran|Mentah|
DR059|Daun pakis segar||||Sayuran|Mentah|
DR060|Daun pakis longgiho segar||||Sayuran|Mentah|
DR061|Daun pakis wambateu segar||||Sayuran|Mentah|
DR062|Pakis sayur segar||||Sayuran|Mentah|
DR063|Daun parea segar||||Sayuran|Mentah|
DR064|Daun pare segar||||Sayuran|Mentah|
DR065|Daun pepaya segar||||Sayuran|Mentah|
DR066|Daun pilea segar||||Sayuran|Mentah|
DR067|Daun ruku-ruku segar||||Sayuran|Mentah|
DR068|Daun semanggi segar||||Sayuran|Mentah|
DR069|Daun simpoh segar||||Sayuran|Mentah|
DR070|Daun singkil segar||||Sayuran|Mentah|
DR071|Daun singkong segar||||Sayuran|Mentah|
DR072|Daun singkong ambon segar||||Sayuran|Mentah|
DR073|Daun singkong ampenan segar||||Sayuran|Mentah|
DR074|Daun singkong kopang segar||||Sayuran|Mentah|
DR075|Daun sonti segar||||Sayuran|Mentah|
DR076|Daun talas segar||||Sayuran|Mentah|
DR077|Daun tespong segar||||Sayuran|Mentah|
DR078|Daun ubi jalar kuning segar||||Sayuran|Mentah|
DR079|Daun ubi jalar merah segar||||Sayuran|Mentah|
DR080|Daun ubi jalar putih segar||||Sayuran|Mentah|
DR081|Daun ubi jalar ungu segar||||Sayuran|Mentah|
DR082|Eceng gondok segar||||Sayuran|Mentah|
DR083|Oyong segar||||Sayuran|Mentah|
DR084|Genjer segar||||Sayuran|Mentah|
DR085|Jagung muda segar||||Sayuran|Mentah|
DR086|Jamur encik||||Sayuran|Mentah|
DR087|Jamur kuping kering||||Sayuran|Mentah|
DR088|Jamur kuping segar||||Sayuran|Mentah|
DR089|Jamur merang segar||||Sayuran|Mentah|
DR090|Jamur tiram segar||||Sayuran|Mentah|
DR091|Jamur sagu||||Sayuran|Mentah|
DR092|Jantung pisang segar||||Sayuran|Mentah|
DR093|Jengkol segar||||Sayuran|Mentah|
DR094|Jotang||||Sayuran|Mentah|
DR095|Kabau segar||||Sayuran|Mentah|
DR096|Kacang buncis mekah segar||||Sayuran|Mentah|
DR097|Kacang panjang segar||||Sayuran|Mentah|
DR098|Kacang ranti||||Sayuran|Mentah|
DR099|Kalakai segar||||Sayuran|Mentah|
DR100|Kangkung||||Sayuran|Mentah|
DR101|Kangkung tondano||||Sayuran|Mentah|
DR102|Kapri muda segar||||Sayuran|Mentah|
DR103|Pare||||Sayuran|Mentah|
DR104|Kecipir muda segar||||Sayuran|Mentah|
DR105|Kecombrang segar||||Sayuran|Mentah|
DR106|Keluwih segar||||Sayuran|Mentah|
DR107|Bunga turi segar||||Sayuran|Mentah|
DR108|Kembung segar||||Sayuran|Mentah|
DR109|Timun segar||||Sayuran|Mentah|
DR110|Timun krai segar||||Sayuran|Mentah|
DR111|Timun madura segar||||Sayuran|Mentah|
DR112|Koro||||Sayuran|Mentah|
DR113|Kembang kol segar||||Sayuran|Mentah|
DR114|Kubis merah||||Sayuran|Mentah|
DR115|Polong kerupuk koro||||Sayuran|Mentah|
DR116|Biji koro kering||||Sayuran|Mentah|
DR117|Kucai segar||||Sayuran|Mentah|
DR118|Kucai muda segar||||Sayuran|Mentah|
DR119|Kulit melinjo segar||||Sayuran|Mentah|
DR120|Kundur segar||||Sayuran|Mentah|
DR121|Labu air segar||||Sayuran|Mentah|
DR122|Labu kuning segar||||Sayuran|Mentah|
DR123|Labu siam segar||||Sayuran|Mentah|
DR124|Labu siam segar||||Sayuran|Mentah|
DR125|Lantar segar||||Sayuran|Mentah|
DR126|Lobak segar||||Sayuran|Mentah|
DR127|Leunca segar||||Sayuran|Mentah|
DR128|Melinjo segar||||Sayuran|Mentah|
DR129|Sawi hijau||||Sayuran|Mentah|
DR130|Nangka muda segar||||Sayuran|Mentah|
DR131|Pare putih segar||||Sayuran|Mentah|
DR132|Pare ular segar||||Sayuran|Mentah|
DR133|Pepaya muda segar||||Sayuran|Mentah|
DR134|Petai segar||||Sayuran|Mentah|
DR135|Peterseli segar||||Sayuran|Mentah|
DR136|Daun leunca segar||||Sayuran|Mentah|
DR137|Putri malu||||Sayuran|Mentah|
DR138|Rebung segar||||Sayuran|Mentah|
DR139|Takokak segar||||Sayuran|Mentah|
DR140|Rumput laut||||Sayuran|Mentah|
DR141|Sawi hijau segar||||Sayuran|Mentah|
DR142|Sawi putih segar||||Sayuran|Mentah|
DR143|Sawi taiwan segar||||Sayuran|Mentah|
DR144|Sawi hijau segar||||Sayuran|Mentah|
DR145|Selada segar||||Sayuran|Mentah|
DR146|Selada air segar||||Sayuran|Mentah|
DR147|Seledri segar||||Sayuran|Mentah|
DR148|Tauge segar||||Sayuran|Mentah|
DR149|Tauge kedelai segar||||Sayuran|Mentah|
DR150|Tauge kacang tunggak segar||||Sayuran|Mentah|
DR151|Tebu ratun segar||||Sayuran|Mentah|
DR152|Terong pipit segar||||Sayuran|Mentah|
DR153|Terong pipit kering||||Sayuran|Mentah|
DR154|Terong segar||||Sayuran|Mentah|
DR155|Terong asam segar||||Sayuran|Mentah|
DR156|Terong belanda segar||||Sayuran|Mentah|
DR157|Terong bengkulu segar||||Sayuran|Mentah|
DR158|Terong hintaro segar||||Sayuran|Mentah|
DR159|Terong panjang||||Sayuran|Mentah|
DR160|Jus tomat segar||||Sayuran|Mentah|
DR161|Tomat merah segar||||Sayuran|Mentah|
DR162|Tomat hijau segar||||Sayuran|Mentah|
DR163|Bunga uceng/melinjo segar||||Sayuran|Mentah|
DR164|Umbut kelapa segar||||Sayuran|Mentah|
DR165|Pucuk rotan muda||||Sayuran|Mentah|
DR166|Wortel segar||||Sayuran|Mentah|
EP001|Barongko||||Buah-buahan|Olahan/Produk|
EP002|Dodol nanas||||Buah-buahan|Olahan/Produk|
EP003|Getuk pisang||||Buah-buahan|Olahan/Produk|
EP004|Kerupuk lampung||||Buah-buahan|Olahan/Produk|
EP005|Ledre pisang||||Buah-buahan|Olahan/Produk|
EP006|Lempog durian||||Buah-buahan|Olahan/Produk|
EP007|Loka anjoro||||Buah-buahan|Olahan/Produk|
EP008|Rica-rica taipa||||Buah-buahan|Olahan/Produk|
EP009|Rujak aceh||||Buah-buahan|Olahan/Produk|
EP010|Kesemek kering||||Buah-buahan|Olahan/Produk|
EP011|Pisang kering||||Buah-buahan|Olahan/Produk|
EP012|Pisang sale cilacap||||Buah-buahan|Olahan/Produk|
EP013|Sanggara belanda||||Buah-buahan|Olahan/Produk|
EP014|Tepung pisang||||Buah-buahan|Olahan/Produk|
EP015|Tepung sukun||||Buah-buahan|Olahan/Produk|
ER001|Alpukat segar||||Buah-buahan|Mentah|
ER002|Anggur liar segar||||Buah-buahan|Mentah|
ER003|Apel malang segar||||Buah-buahan|Mentah|
ER004|Apel segar||||Buah-buahan|Mentah|
ER005|Arbei segar||||Buah-buahan|Mentah|
ER006|Belimbing segar||||Buah-buahan|Mentah|
ER007|Biwa segar||||Buah-buahan|Mentah|
ER008|Buah balam segar||||Buah-buahan|Mentah|
ER009|Buah kelenting segar||||Buah-buahan|Mentah|
ER010|Buah bidara segar||||Buah-buahan|Mentah|
ER011|Buah bisbul segar||||Buah-buahan|Mentah|
ER012|Buah naga merah segar||||Buah-buahan|Mentah|
ER013|Buah naga putih segar||||Buah-buahan|Mentah|
ER014|Buah markisa segar||||Buah-buahan|Mentah|
ER015|Buah srikaya liar segar||||Buah-buahan|Mentah|
ER016|Asam paya segar||||Buah-buahan|Mentah|
ER017|Buah rukem segar||||Buah-buahan|Mentah|
ER018|Buah ruruhi segar||||Buah-buahan|Mentah|
ER019|Buah tuppa segar||||Buah-buahan|Mentah|
ER020|Pepaya segar||||Buah-buahan|Mentah|
ER021|Cempedak segar||||Buah-buahan|Mentah|
ER022|Langsat segar||||Buah-buahan|Mentah|
ER023|Durian segar||||Buah-buahan|Mentah|
ER024|Jamblang segar||||Buah-buahan|Mentah|
ER025|Mangga saipan segar||||Buah-buahan|Mentah|
ER026|Terong belanda segar||||Buah-buahan|Mentah|
ER027|Markisa segar||||Buah-buahan|Mentah|
ER028|Mangga gandaria matang||||Buah-buahan|Mentah|
ER029|Kacang tahiti segar||||Buah-buahan|Mentah|
ER030|Jambu air segar||||Buah-buahan|Mentah|
ER031|Jambu biji||||Buah-buahan|Mentah|
ER032|Jambu biji biasa||||Buah-buahan|Mentah|
ER033|Jambu bol segar||||Buah-buahan|Mentah|
ER034|Jambu mete segar||||Buah-buahan|Mentah|
ER035|Jeruk bali segar||||Buah-buahan|Mentah|
ER036|Jeruk keprok segar||||Buah-buahan|Mentah|
ER037|Jeruk mandarin||||Buah-buahan|Mentah|
ER038|Jeruk kasturi segar||||Buah-buahan|Mentah|
ER039|Jeruk manis segar||||Buah-buahan|Mentah|
ER040|Jeruk nipis segar||||Buah-buahan|Mentah|
ER041|Jeruk ragi segar||||Buah-buahan|Mentah|
ER042|Kawista segar||||Buah-buahan|Mentah|
ER043|Kedondong matang segar||||Buah-buahan|Mentah|
ER044|Kedondong muda segar||||Buah-buahan|Mentah|
ER045|Woromo kering||||Buah-buahan|Mentah|
ER046|Daging kelapa muda segar||||Buah-buahan|Mentah|
ER047|Kemang segar||||Buah-buahan|Mentah|
ER048|Kesemek segar||||Buah-buahan|Mentah|
ER049|Langsat segar||||Buah-buahan|Mentah|
ER050|Asam jawa manila segar||||Buah-buahan|Mentah|
ER051|Langsat segar||||Buah-buahan|Mentah|
ER052|Lemon segar||||Buah-buahan|Mentah|
ER053|Lontar segar||||Buah-buahan|Mentah|
ER054|Mangga segar||||Buah-buahan|Mentah|
ER055|Mangga brazil segar||||Buah-buahan|Mentah|
ER056|Mangga gedung segar||||Buah-buahan|Mentah|
ER057|Mangga teluk cedar segar||||Buah-buahan|Mentah|
ER058|Mangga arumanis segar||||Buah-buahan|Mentah|
ER059|Mangga indramayu segar||||Buah-buahan|Mentah|
ER060|Mangga kopek segar||||Buah-buahan|Mentah|
ER061|Mangga kweni segar||||Buah-buahan|Mentah|
ER062|Mangga manalagi segar||||Buah-buahan|Mentah|
ER063|Mangga muda segar||||Buah-buahan|Mentah|
ER064|Manggis segar||||Buah-buahan|Mentah|
ER065|Markisa segar||||Buah-buahan|Mentah|
ER066|Matoa segar||||Buah-buahan|Mentah|
ER067|Melon segar||||Buah-buahan|Mentah|
ER068|Menteng segar||||Buah-buahan|Mentah|
ER069|Nanas palembang segar||||Buah-buahan|Mentah|
ER070|Nanas segar||||Buah-buahan|Mentah|
ER071|Nangka matang pohon segar||||Buah-buahan|Mentah|
ER072|Daging pala segar||||Buah-buahan|Mentah|
ER073|Pepaya segar||||Buah-buahan|Mentah|
ER074|Pisang ambon segar||||Buah-buahan|Mentah|
ER075|Pisang angleng (pisang ampyang) segar||||Buah-buahan|Mentah|
ER076|Pisang ayam segar||||Buah-buahan|Mentah|
ER077|Pisang gapi segar||||Buah-buahan|Mentah|
ER078|Pisang goroho segar||||Buah-buahan|Mentah|
ER079|Pisang hijau segar||||Buah-buahan|Mentah|
ER080|Pisang olah segar||||Buah-buahan|Mentah|
ER081|Pisang kepok segar||||Buah-buahan|Mentah|
ER082|Pisang ketip segar||||Buah-buahan|Mentah|
ER083|Pisang merah segar||||Buah-buahan|Mentah|
ER084|Pisang senorita segar||||Buah-buahan|Mentah|
ER085|Pisang mas bali ampenan segar||||Buah-buahan|Mentah|
ER086|Pisang mas bali kopang segar||||Buah-buahan|Mentah|
ER087|Pisang mas segar||||Buah-buahan|Mentah|
ER088|Pisang raja sereh segar||||Buah-buahan|Mentah|
ER089|Pisang tanduk segar||||Buah-buahan|Mentah|
ER090|Pisang rotan segar||||Buah-buahan|Mentah|
ER091|Pisang talas segar||||Buah-buahan|Mentah|
ER092|Pisang tujuh bulan||||Buah-buahan|Mentah|
ER093|Pisang ua segar||||Buah-buahan|Mentah|
ER094|Pisang uli segar||||Buah-buahan|Mentah|
ER095|Jeruk purut segar||||Buah-buahan|Mentah|
ER096|Rambutan binjai segar||||Buah-buahan|Mentah|
ER097|Rambutan segar||||Buah-buahan|Mentah|
ER098|Salak bali segar||||Buah-buahan|Mentah|
ER099|Salak medan segar||||Buah-buahan|Mentah|
ER100|Salak pondoh segar||||Buah-buahan|Mentah|
ER101|Salak segar||||Buah-buahan|Mentah|
ER102|Sawo duren segar||||Buah-buahan|Mentah|
ER103|Kesemek segar||||Buah-buahan|Mentah|
ER104|Sawo segar||||Buah-buahan|Mentah|
ER105|Semangka segar||||Buah-buahan|Mentah|
ER106|Sirsak segar||||Buah-buahan|Mentah|
ER107|Sowa segar||||Buah-buahan|Mentah|
ER108|Srikaya segar||||Buah-buahan|Mentah|
ER109|Sukun muda segar||||Buah-buahan|Mentah|
ER110|Sukun matang segar||||Buah-buahan|Mentah|
ER111|Vigus segar||||Buah-buahan|Mentah|
ER112|Wani segar||||Buah-buahan|Mentah|
FP001|Ampela ayam goreng||||Daging dan Unggas|Olahan/Produk|
FP002|Usus ayam goreng||||Daging dan Unggas|Olahan/Produk|
FP003|Daging bebek goreng||||Daging dan Unggas|Olahan/Produk|
FP004|Dendeng daging buaya mentah||||Daging dan Unggas|Olahan/Produk|
FP005|Ham||||Daging dan Unggas|Olahan/Produk|
FP006|Dendeng daging itik (alabio) mentah||||Daging dan Unggas|Olahan/Produk|
FP007|Kerupuk urat||||Daging dan Unggas|Olahan/Produk|
FP008|Dendeng daging menjangan mentah||||Daging dan Unggas|Olahan/Produk|
FP009|Daging merpati goreng||||Daging dan Unggas|Olahan/Produk|
FP010|Dendeng daging rusa mentah||||Daging dan Unggas|Olahan/Produk|
FP011|Abon sapi||||Daging dan Unggas|Olahan/Produk|
FP012|Abon sapi original||||Daging dan Unggas|Olahan/Produk|
FP013|Daging sapi asap||||Daging dan Unggas|Olahan/Produk|
FP014|Dendeng daging sapi mentah||||Daging dan Unggas|Olahan/Produk|
FP015|Kornet sapi||||Daging dan Unggas|Olahan/Produk|
FP016|Sosis daging sapi||||Daging dan Unggas|Olahan/Produk|
FP017|Sosis hati sapi||||Daging dan Unggas|Olahan/Produk|
FP018|Dendeng paru sapi mentah||||Daging dan Unggas|Olahan/Produk|
FP019|Paru sapi goreng||||Daging dan Unggas|Olahan/Produk|
FP020|Ulat sagu panggang||||Daging dan Unggas|Olahan/Produk|
FP021|Dada ayam goreng Church's Texas||||Daging dan Unggas|Olahan/Produk|
FP022|Paha ayam goreng Church's Texas||||Daging dan Unggas|Olahan/Produk|
FP023|Sayap ayam goreng Church's Texas||||Daging dan Unggas|Olahan/Produk|
FP024|Paha ayam goreng Kalasan||||Daging dan Unggas|Olahan/Produk|
FP025|Dada ayam goreng Kentucky||||Daging dan Unggas|Olahan/Produk|
FP026|Paha ayam goreng Kentucky||||Daging dan Unggas|Olahan/Produk|
FP027|Sayap ayam goreng Kentucky||||Daging dan Unggas|Olahan/Produk|
FP028|Dada ayam goreng Mbok Berek||||Daging dan Unggas|Olahan/Produk|
FP029|Dada ayam goreng Pasundan||||Daging dan Unggas|Olahan/Produk|
FP030|Paha ayam goreng Pasundan||||Daging dan Unggas|Olahan/Produk|
FP031|Dada ayam goreng Pioneer||||Daging dan Unggas|Olahan/Produk|
FP032|Dada ayam goreng Sukabumi||||Daging dan Unggas|Olahan/Produk|
FP033|Paha ayam goreng Sukabumi||||Daging dan Unggas|Olahan/Produk|
FP034|Masakan ayam Taliwang||||Daging dan Unggas|Olahan/Produk|
FP035|Masakan rica babi hutan||||Daging dan Unggas|Olahan/Produk|
FP036|Burger sapi||||Daging dan Unggas|Olahan/Produk|
FP037|Masakan teriyaki sapi||||Daging dan Unggas|Olahan/Produk|
FP038|Masakan yakiniku sapi||||Daging dan Unggas|Olahan/Produk|
FP039|Brongkos||||Daging dan Unggas|Olahan/Produk|
FP040|Masakan bulgogi||||Daging dan Unggas|Olahan/Produk|
FP041|Masakan teriyaki ayam||||Daging dan Unggas|Olahan/Produk|
FP042|Masakan chikiniku||||Daging dan Unggas|Olahan/Produk|
FP043|Coto mangkasara kuda||||Daging dan Unggas|Olahan/Produk|
FP044|Coto mangkasara sapi||||Daging dan Unggas|Olahan/Produk|
FP045|Masakan djibokum||||Daging dan Unggas|Olahan/Produk|
FP046|Masakan empal goreng||||Daging dan Unggas|Olahan/Produk|
FP047|Kari kambing||||Daging dan Unggas|Olahan/Produk|
FP048|Masakan jangang bintatoeng||||Daging dan Unggas|Olahan/Produk|
FP049|Kalio ayam||||Daging dan Unggas|Olahan/Produk|
FP050|Kalio jeroan||||Daging dan Unggas|Olahan/Produk|
FP051|Kalio kikil (tunjang)||||Daging dan Unggas|Olahan/Produk|
FP052|Kalio otak||||Daging dan Unggas|Olahan/Produk|
FP053|Lawar babi||||Daging dan Unggas|Olahan/Produk|
FP054|Lawar penyu||||Daging dan Unggas|Olahan/Produk|
FP055|Lawara jangang||||Daging dan Unggas|Olahan/Produk|
FP056|Masakan naan maran sapi||||Daging dan Unggas|Olahan/Produk|
FP057|Nasu likku||||Daging dan Unggas|Olahan/Produk|
FP058|Oramu ninahu ndawa olaho||||Daging dan Unggas|Olahan/Produk|
FP059|Paniki masak santan||||Daging dan Unggas|Olahan/Produk|
FP060|Pelolah manuk||||Daging dan Unggas|Olahan/Produk|
FP061|Rawon||||Daging dan Unggas|Olahan/Produk|
FP062|Rendang sapi||||Daging dan Unggas|Olahan/Produk|
FP063|Masakan RW (anjing)||||Daging dan Unggas|Olahan/Produk|
FP064|Sate penyu||||Daging dan Unggas|Olahan/Produk|
FP065|Sate pusut||||Daging dan Unggas|Olahan/Produk|
FP066|Masakan serapah penyu||||Daging dan Unggas|Olahan/Produk|
FP067|Sie reuboh||||Daging dan Unggas|Olahan/Produk|
FP068|Sup buntut||||Daging dan Unggas|Olahan/Produk|
FP069|Sup daging sapi||||Daging dan Unggas|Olahan/Produk|
FP070|Sup kaki sapi||||Daging dan Unggas|Olahan/Produk|
FP071|Sup kambing||||Daging dan Unggas|Olahan/Produk|
FP072|Sup konro||||Daging dan Unggas|Olahan/Produk|
FP073|Sup saudara||||Daging dan Unggas|Olahan/Produk|
FP074|Soto bandung||||Daging dan Unggas|Olahan/Produk|
FP075|Soto banjar||||Daging dan Unggas|Olahan/Produk|
FP076|Soto betawi||||Daging dan Unggas|Olahan/Produk|
FP077|Soto jeroan||||Daging dan Unggas|Olahan/Produk|
FP078|Masakan soto kudus||||Daging dan Unggas|Olahan/Produk|
FP079|Soto madura||||Daging dan Unggas|Olahan/Produk|
FP080|Soto padang||||Daging dan Unggas|Olahan/Produk|
FP081|Soto pekalongan||||Daging dan Unggas|Olahan/Produk|
FP082|Soto pemalang||||Daging dan Unggas|Olahan/Produk|
FP083|Soto sukaraja||||Daging dan Unggas|Olahan/Produk|
FP084|Soto sulung||||Daging dan Unggas|Olahan/Produk|
FP085|Sukiyaki||||Daging dan Unggas|Olahan/Produk|
FP086|Tedong pallu basa||||Daging dan Unggas|Olahan/Produk|
FP087|Rica tikus||||Daging dan Unggas|Olahan/Produk|
FP088|Tinoransa||||Daging dan Unggas|Olahan/Produk|
FR001|Daging sapi muda berlemak segar||||Daging dan Unggas|Mentah|
FR002|Daging sapi muda tanpa lemak segar||||Daging dan Unggas|Mentah|
FR003|Daging sapi muda sedang lemak segar||||Daging dan Unggas|Mentah|
FR004|Daging angsa segar||||Daging dan Unggas|Mentah|
FR005|Daging ayam segar||||Daging dan Unggas|Mentah|
FR006|Darah ayam segar||||Daging dan Unggas|Mentah|
FR007|Hati ayam segar||||Daging dan Unggas|Mentah|
FR008|Daging babi berlemak segar||||Daging dan Unggas|Mentah|
FR009|Daging babi tanpa lemak segar||||Daging dan Unggas|Mentah|
FR010|Ginjal babi segar||||Daging dan Unggas|Mentah|
FR011|Hati babi segar||||Daging dan Unggas|Mentah|
FR012|Daging bebek segar||||Daging dan Unggas|Mentah|
FR013|Daging itik (alabio) segar||||Daging dan Unggas|Mentah|
FR014|Daging belibis segar||||Daging dan Unggas|Mentah|
FR015|Sarang burung segar||||Daging dan Unggas|Mentah|
FR016|Daging domba berlemak segar||||Daging dan Unggas|Mentah|
FR017|Daging domba tanpa lemak segar||||Daging dan Unggas|Mentah|
FR018|Ginjal domba segar||||Daging dan Unggas|Mentah|
FR019|Daging kambing segar||||Daging dan Unggas|Mentah|
FR020|Daging kelinci segar||||Daging dan Unggas|Mentah|
FR021|Daging kerbau segar||||Daging dan Unggas|Mentah|
FR022|Daging kuda segar||||Daging dan Unggas|Mentah|
FR023|Babat sapi segar||||Daging dan Unggas|Mentah|
FR024|Daging sapi berlemak segar||||Daging dan Unggas|Mentah|
FR025|Daging sapi tanpa lemak segar||||Daging dan Unggas|Mentah|
FR026|Daging sapi sedang lemak segar||||Daging dan Unggas|Mentah|
FR027|Jeroan sapi segar||||Daging dan Unggas|Mentah|
FR028|Darah sapi segar||||Daging dan Unggas|Mentah|
FR029|Ginjal sapi segar||||Daging dan Unggas|Mentah|
FR030|Babat sapi segar||||Daging dan Unggas|Mentah|
FR031|Hati sapi segar||||Daging dan Unggas|Mentah|
FR032|Otak sapi segar||||Daging dan Unggas|Mentah|
FR033|Usus sapi segar||||Daging dan Unggas|Mentah|
FR034|Ulat sagu segar||||Daging dan Unggas|Mentah|
GP001|Dendeng bekicot mentah||||Ikan dan Makanan Laut Lainnya|Olahan/Produk|
GP002|Belut goreng||||Ikan dan Makanan Laut Lainnya|Olahan/Produk|
GP003|Cumi goreng||||Ikan dan Makanan Laut Lainnya|Olahan/Produk|
GP004|Ikan asin kering||||Ikan dan Makanan Laut Lainnya|Olahan/Produk|
GP005|Masakan bandeng presto||||Ikan dan Makanan Laut Lainnya|Olahan/Produk|
GP006|Ikan baung bakar||||Ikan dan Makanan Laut Lainnya|Olahan/Produk|
GP007|Ikan belida bakar||||Ikan dan Makanan Laut Lainnya|Olahan/Produk|
GP008|Cakalang asap mentah||||Ikan dan Makanan Laut Lainnya|Olahan/Produk|
GP009|Cakalang asin mentah||||Ikan dan Makanan Laut Lainnya|Olahan/Produk|
GP010|Ikan peda mentah||||Ikan dan Makanan Laut Lainnya|Olahan/Produk|
GP011|Ikan gabus asap mentah||||Ikan dan Makanan Laut Lainnya|Olahan/Produk|
GP012|Ikan gabus kering||||Ikan dan Makanan Laut Lainnya|Olahan/Produk|
GP013|Ikan gete goreng||||Ikan dan Makanan Laut Lainnya|Olahan/Produk|
GP014|Ikan hiu kering||||Ikan dan Makanan Laut Lainnya|Olahan/Produk|
GP015|Kakap hijau asin||||Ikan dan Makanan Laut Lainnya|Olahan/Produk|
GP016|Keumamah kering||||Ikan dan Makanan Laut Lainnya|Olahan/Produk|
GP017|Lele bakar||||Ikan dan Makanan Laut Lainnya|Olahan/Produk|
GP018|Lomak asin mentah||||Ikan dan Makanan Laut Lainnya|Olahan/Produk|
GP019|Pepes ikan mas||||Ikan dan Makanan Laut Lainnya|Olahan/Produk|
GP020|Nila goreng||||Ikan dan Makanan Laut Lainnya|Olahan/Produk|
GP021|pepes nila||||Ikan dan Makanan Laut Lainnya|Olahan/Produk|
GP022|Dendeng nila mentah||||Ikan dan Makanan Laut Lainnya|Olahan/Produk|
GP023|Ikan papuyu bakar||||Ikan dan Makanan Laut Lainnya|Olahan/Produk|
GP024|Patin bakar||||Ikan dan Makanan Laut Lainnya|Olahan/Produk|
GP025|Ikan peda banjar mentah||||Ikan dan Makanan Laut Lainnya|Olahan/Produk|
GP026|Ikan pepetek mentah||||Ikan dan Makanan Laut Lainnya|Olahan/Produk|
GP027|Ikan pindang banjar mentah||||Ikan dan Makanan Laut Lainnya|Olahan/Produk|
GP028|Ikan pindang benggol mentah||||Ikan dan Makanan Laut Lainnya|Olahan/Produk|
GP029|Pindang layang mentah||||Ikan dan Makanan Laut Lainnya|Olahan/Produk|
GP030|Pindang selar mentah||||Ikan dan Makanan Laut Lainnya|Olahan/Produk|
GP031|Lele asap mentah||||Ikan dan Makanan Laut Lainnya|Olahan/Produk|
GP032|Ikan seluang kering mentah||||Ikan dan Makanan Laut Lainnya|Olahan/Produk|
GP033|Masakan ikan hara||||Ikan dan Makanan Laut Lainnya|Olahan/Produk|
GP034|Ikan selar mentah||||Ikan dan Makanan Laut Lainnya|Olahan/Produk|
GP035|Ikan selar kuning kering mentah||||Ikan dan Makanan Laut Lainnya|Olahan/Produk|
GP036|Ikan sepat kering mentah||||Ikan dan Makanan Laut Lainnya|Olahan/Produk|
GP037|Kerapu macan asin mentah||||Ikan dan Makanan Laut Lainnya|Olahan/Produk|
GP038|Ikan giling mentah||||Ikan dan Makanan Laut Lainnya|Olahan/Produk|
GP039|Teri nasi kering mentah||||Ikan dan Makanan Laut Lainnya|Olahan/Produk|
GP040|Teri giling mentah||||Ikan dan Makanan Laut Lainnya|Olahan/Produk|
GP041|Teri kering mentah||||Ikan dan Makanan Laut Lainnya|Olahan/Produk|
GP042|Teri tawar kering mentah||||Ikan dan Makanan Laut Lainnya|Olahan/Produk|
GP043|Teri giling mentah||||Ikan dan Makanan Laut Lainnya|Olahan/Produk|
GP044|Kerang asap mentah||||Ikan dan Makanan Laut Lainnya|Olahan/Produk|
GP045|Dendeng kerang mentah||||Ikan dan Makanan Laut Lainnya|Olahan/Produk|
GP046|Udang rebon kering mentah||||Ikan dan Makanan Laut Lainnya|Olahan/Produk|
GP047|Rebung laut mentah||||Ikan dan Makanan Laut Lainnya|Olahan/Produk|
GP048|Rusip||||Ikan dan Makanan Laut Lainnya|Olahan/Produk|
GP049|Sarden kalengan||||Ikan dan Makanan Laut Lainnya|Olahan/Produk|
GP050|Dendeng teripang mentah||||Ikan dan Makanan Laut Lainnya|Olahan/Produk|
GP051|Udang kering mentah||||Ikan dan Makanan Laut Lainnya|Olahan/Produk|
GP052|Udang kecil mentah||||Ikan dan Makanan Laut Lainnya|Olahan/Produk|
GP053|Abon ikan gabus||||Ikan dan Makanan Laut Lainnya|Olahan/Produk|
GP054|Abon ikan||||Ikan dan Makanan Laut Lainnya|Olahan/Produk|
GP055|Masakan wadi betok||||Ikan dan Makanan Laut Lainnya|Olahan/Produk|
GP056|Masakan bou ninahu ndamate||||Ikan dan Makanan Laut Lainnya|Olahan/Produk|
GP057|Masakan bouiki ninahu nggaluku||||Ikan dan Makanan Laut Lainnya|Olahan/Produk|
GP058|Cakalang asap (asap papua)||||Ikan dan Makanan Laut Lainnya|Olahan/Produk|
GP059|Dendeng belut goreng||||Ikan dan Makanan Laut Lainnya|Olahan/Produk|
GP060|Dendeng nila goreng||||Ikan dan Makanan Laut Lainnya|Olahan/Produk|
GP061|Fillet o-fish||||Ikan dan Makanan Laut Lainnya|Olahan/Produk|
GP062|Asam padeh gete||||Ikan dan Makanan Laut Lainnya|Olahan/Produk|
GP063|Gulai asam keueung||||Ikan dan Makanan Laut Lainnya|Olahan/Produk|
GP064|Gulai ikan paya||||Ikan dan Makanan Laut Lainnya|Olahan/Produk|
GP065|Gulai ikan||||Ikan dan Makanan Laut Lainnya|Olahan/Produk|
GP066|Gulai keumamah||||Ikan dan Makanan Laut Lainnya|Olahan/Produk|
GP067|Gulai tiram||||Ikan dan Makanan Laut Lainnya|Olahan/Produk|
GP068|Gurami asam manis||||Ikan dan Makanan Laut Lainnya|Olahan/Produk|
GP069|Ikan asap merah||||Ikan dan Makanan Laut Lainnya|Olahan/Produk|
GP070|Patin goreng||||Ikan dan Makanan Laut Lainnya|Olahan/Produk|
GP071|Jukku pallu kaloa||||Ikan dan Makanan Laut Lainnya|Olahan/Produk|
GP072|Kaholeo||||Ikan dan Makanan Laut Lainnya|Olahan/Produk|
GP073|Lawara penjah||||Ikan dan Makanan Laut Lainnya|Olahan/Produk|
GP074|Model||||Ikan dan Makanan Laut Lainnya|Olahan/Produk|
GP075|Acar kuning nila||||Ikan dan Makanan Laut Lainnya|Olahan/Produk|
GP076|Parede baleh||||Ikan dan Makanan Laut Lainnya|Olahan/Produk|
GP077|Pempek adaan||||Ikan dan Makanan Laut Lainnya|Olahan/Produk|
GP078|Pempek belida||||Ikan dan Makanan Laut Lainnya|Olahan/Produk|
GP079|Pempek kapal selam||||Ikan dan Makanan Laut Lainnya|Olahan/Produk|
GP080|Pempek kelesan||||Ikan dan Makanan Laut Lainnya|Olahan/Produk|
GP081|Pempek kulit||||Ikan dan Makanan Laut Lainnya|Olahan/Produk|
GP082|Pempek telur||||Ikan dan Makanan Laut Lainnya|Olahan/Produk|
GP083|Pempek tenggiri||||Ikan dan Makanan Laut Lainnya|Olahan/Produk|
GP084|Pencok lele||||Ikan dan Makanan Laut Lainnya|Olahan/Produk|
GP085|Pinda||||Ikan dan Makanan Laut Lainnya|Olahan/Produk|
GP086|Pindang kenari||||Ikan dan Makanan Laut Lainnya|Olahan/Produk|
GP087|Saboko gurita||||Ikan dan Makanan Laut Lainnya|Olahan/Produk|
GP088|Saboko saltan||||Ikan dan Makanan Laut Lainnya|Olahan/Produk|
GP089|Saboko sarden||||Ikan dan Makanan Laut Lainnya|Olahan/Produk|
GP090|Sate bandeng||||Ikan dan Makanan Laut Lainnya|Olahan/Produk|
GP091|Sepi||||Ikan dan Makanan Laut Lainnya|Olahan/Produk|
GP092|Tekwan||||Ikan dan Makanan Laut Lainnya|Olahan/Produk|
GP093|Teri balado||||Ikan dan Makanan Laut Lainnya|Olahan/Produk|
GP094|Tumis bandeng||||Ikan dan Makanan Laut Lainnya|Olahan/Produk|
GP095|Tumis keumamah||||Ikan dan Makanan Laut Lainnya|Olahan/Produk|
GR001|Ikan tawes segar||||Ikan dan Makanan Laut Lainnya|Mentah|
GR002|Ikan giru segar||||Ikan dan Makanan Laut Lainnya|Mentah|
GR003|Ikan kakap sirip hitam segar||||Ikan dan Makanan Laut Lainnya|Mentah|
GR004|Ikan bandeng segar||||Ikan dan Makanan Laut Lainnya|Mentah|
GR005|Ikan kembung segar||||Ikan dan Makanan Laut Lainnya|Mentah|
GR006|Ikan baronang segar||||Ikan dan Makanan Laut Lainnya|Mentah|
GR007|Ikan seluang segar||||Ikan dan Makanan Laut Lainnya|Mentah|
GR008|Ikan baung segar||||Ikan dan Makanan Laut Lainnya|Mentah|
GR009|Ikan bawal perak segar||||Ikan dan Makanan Laut Lainnya|Mentah|
GR010|Ikan belida segar||||Ikan dan Makanan Laut Lainnya|Mentah|
GR011|Belut sawah segar||||Ikan dan Makanan Laut Lainnya|Mentah|
GR012|Belut laut segar||||Ikan dan Makanan Laut Lainnya|Mentah|
GR013|Ikan bintik segar||||Ikan dan Makanan Laut Lainnya|Mentah|
GR014|Ikan gurami cium segar||||Ikan dan Makanan Laut Lainnya|Mentah|
GR015|Ikan mas segar||||Ikan dan Makanan Laut Lainnya|Mentah|
GR016|Ikan kuwe gerong segar||||Ikan dan Makanan Laut Lainnya|Mentah|
GR017|Ikan haring segar||||Ikan dan Makanan Laut Lainnya|Mentah|
GR018|Ikan cakalang segar||||Ikan dan Makanan Laut Lainnya|Mentah|
GR019|Hati cakalang segar||||Ikan dan Makanan Laut Lainnya|Mentah|
GR020|Jantung cakalang segar||||Ikan dan Makanan Laut Lainnya|Mentah|
GR021|Perut cakalang segar||||Ikan dan Makanan Laut Lainnya|Mentah|
GR022|Cumi-cumi segar||||Ikan dan Makanan Laut Lainnya|Mentah|
GR023|Ikan daun segar||||Ikan dan Makanan Laut Lainnya|Mentah|
GR024|Ikan ekor kuning segar||||Ikan dan Makanan Laut Lainnya|Mentah|
GR025|Ikan gabus segar||||Ikan dan Makanan Laut Lainnya|Mentah|
GR026|Ikan heu segar||||Ikan dan Makanan Laut Lainnya|Mentah|
GR027|Ikan rohu segar||||Ikan dan Makanan Laut Lainnya|Mentah|
GR028|Ikan hiu segar||||Ikan dan Makanan Laut Lainnya|Mentah|
GR029|Ikan jarum segar||||Ikan dan Makanan Laut Lainnya|Mentah|
GR030|Ikan kakap segar||||Ikan dan Makanan Laut Lainnya|Mentah|
GR031|Ikan kakatua segar||||Ikan dan Makanan Laut Lainnya|Mentah|
GR032|Ikan air tawar mas segar||||Ikan dan Makanan Laut Lainnya|Mentah|
GR033|Ikan kamera segar||||Ikan dan Makanan Laut Lainnya|Mentah|
GR034|Ikan tempang melayu segar||||Ikan dan Makanan Laut Lainnya|Mentah|
GR035|Ikan tongkol segar||||Ikan dan Makanan Laut Lainnya|Mentah|
GR036|Ikan kembung india segar||||Ikan dan Makanan Laut Lainnya|Mentah|
GR037|Bekicot segar||||Ikan dan Makanan Laut Lainnya|Mentah|
GR038|Kepiting segar||||Ikan dan Makanan Laut Lainnya|Mentah|
GR039|Kerang segar||||Ikan dan Makanan Laut Lainnya|Mentah|
GR040|Ikan buntal segar||||Ikan dan Makanan Laut Lainnya|Mentah|
GR041|Kerang laut besar segar||||Ikan dan Makanan Laut Lainnya|Mentah|
GR042|Katak segar||||Ikan dan Makanan Laut Lainnya|Mentah|
GR043|Penyu segar||||Ikan dan Makanan Laut Lainnya|Mentah|
GR044|Ikan senangin segar||||Ikan dan Makanan Laut Lainnya|Mentah|
GR045|Ikan patin segar||||Ikan dan Makanan Laut Lainnya|Mentah|
GR046|Ikan layang segar||||Ikan dan Makanan Laut Lainnya|Mentah|
GR047|Ikan layur segar||||Ikan dan Makanan Laut Lainnya|Mentah|
GR048|Ikan kembung segar||||Ikan dan Makanan Laut Lainnya|Mentah|
GR049|Ikan lemuru bali segar||||Ikan dan Makanan Laut Lainnya|Mentah|
GR050|Ikan lidah segar||||Ikan dan Makanan Laut Lainnya|Mentah|
GR051|Kerang bakau segar||||Ikan dan Makanan Laut Lainnya|Mentah|
GR052|Ikan layang segar||||Ikan dan Makanan Laut Lainnya|Mentah|
GR053|Ikan mamar merah segar||||Ikan dan Makanan Laut Lainnya|Mentah|
GR054|Ikan mas eropa segar||||Ikan dan Makanan Laut Lainnya|Mentah|
GR055|Ikan patin segar||||Ikan dan Makanan Laut Lainnya|Mentah|
GR056|Ikan nila segar||||Ikan dan Makanan Laut Lainnya|Mentah|
GR057|Ikan nasu metti segar||||Ikan dan Makanan Laut Lainnya|Mentah|
GR058|Ikan paling segar||||Ikan dan Makanan Laut Lainnya|Mentah|
GR059|Ikan papuyu segar||||Ikan dan Makanan Laut Lainnya|Mentah|
GR060|Ikan patin segar||||Ikan dan Makanan Laut Lainnya|Mentah|
GR061|Ikan pomo segar||||Ikan dan Makanan Laut Lainnya|Mentah|
GR062|Ikan baung segar||||Ikan dan Makanan Laut Lainnya|Mentah|
GR063|Rajungan segar||||Ikan dan Makanan Laut Lainnya|Mentah|
GR064|Udang rebon segar||||Ikan dan Makanan Laut Lainnya|Mentah|
GR065|Ikan seluang segar||||Ikan dan Makanan Laut Lainnya|Mentah|
GR066|Ikan sarden segar||||Ikan dan Makanan Laut Lainnya|Mentah|
GR067|Ikan selar segar||||Ikan dan Makanan Laut Lainnya|Mentah|
GR068|Ikan sepat segar||||Ikan dan Makanan Laut Lainnya|Mentah|
GR069|Belut dwiwarna segar||||Ikan dan Makanan Laut Lainnya|Mentah|
GR070|Ikan kerapu macan segar||||Ikan dan Makanan Laut Lainnya|Mentah|
GR071|Ikan toman segar||||Ikan dan Makanan Laut Lainnya|Mentah|
GR072|Ikan sale segar||||Ikan dan Makanan Laut Lainnya|Mentah|
GR073|Ikan tarmon segar||||Ikan dan Makanan Laut Lainnya|Mentah|
GR074|Ikan tilan segar||||Ikan dan Makanan Laut Lainnya|Mentah|
GR075|Ikan tembang segar||||Ikan dan Makanan Laut Lainnya|Mentah|
GR076|Ikan tapah segar||||Ikan dan Makanan Laut Lainnya|Mentah|
GR077|Ikan terbang segar||||Ikan dan Makanan Laut Lainnya|Mentah|
GR078|Ikan teri segar||||Ikan dan Makanan Laut Lainnya|Mentah|
GR079|Ikan kiper segar||||Ikan dan Makanan Laut Lainnya|Mentah|
GR080|Ikan tongkol segar||||Ikan dan Makanan Laut Lainnya|Mentah|
GR081|Ikan turi segar||||Ikan dan Makanan Laut Lainnya|Mentah|
GR082|Udang windu besar segar||||Ikan dan Makanan Laut Lainnya|Mentah|
GR083|Udang galah segar||||Ikan dan Makanan Laut Lainnya|Mentah|
GR084|Udang segar||||Ikan dan Makanan Laut Lainnya|Mentah|
HP001|Telur dadar ayam||||telur|Olahan/Produk|
HP002|Telur bebek asin mentah||||telur|Olahan/Produk|
HP003|Telur dadar bebek||||telur|Olahan/Produk|
HP004|Telur ikan asin mentah||||telur|Olahan/Produk|
HP005|Masakan bayau mi balu||||telur|Olahan/Produk|
HP006|Masakan cucuru bayau||||telur|Olahan/Produk|
HP007|Kalio telur||||telur|Olahan/Produk|
HR001|Telur ayam kampung segar||||telur|Mentah|
HR002|Telur ayam negeri segar||||telur|Mentah|
HR003|Kuning telur ayam negeri segar||||telur|Mentah|
HR004|Putih telur ayam negeri segar||||telur|Mentah|
HR005|Telur itik alabio segar||||telur|Mentah|
HR006|Kuning telur bebek segar||||telur|Mentah|
HR007|Putih telur bebek segar||||telur|Mentah|
HR008|Telur bebek domestik segar||||telur|Mentah|
HR009|Telur maleo segar||||telur|Mentah|
HR010|Telur penyu segar||||telur|Mentah|
HR011|Telur puyuh segar||||telur|Mentah|
JP001|Es krim||||Susu dan Produk Susu|Olahan/Produk|
JP002|Hangop||||Susu dan Produk Susu|Olahan/Produk|
JP003|Keju||||Susu dan Produk Susu|Olahan/Produk|
JP004|Keju quark||||Susu dan Produk Susu|Olahan/Produk|
JP005|Susu bubuk asam untuk bayi||||Susu dan Produk Susu|Olahan/Produk|
JP006|Susu bubuk||||Susu dan Produk Susu|Olahan/Produk|
JP007|Susu kental manis||||Susu dan Produk Susu|Olahan/Produk|
JP008|Susu kental tawar||||Susu dan Produk Susu|Olahan/Produk|
JP009|Susu bubuk skim||||Susu dan Produk Susu|Olahan/Produk|
JP010|Susu skim segar||||Susu dan Produk Susu|Olahan/Produk|
JP011|Yogurt segar||||Susu dan Produk Susu|Olahan/Produk|
JR001|Krim segar||||Susu dan Produk Susu|Mentah|
JR002|Air Susu Ibu (ASI)||||Susu dan Produk Susu|Mentah|
JR003|Susu kambing segar||||Susu dan Produk Susu|Mentah|
JR004|Susu kerbau segar||||Susu dan Produk Susu|Mentah|
JR005|Susu kuda segar||||Susu dan Produk Susu|Mentah|
JR006|Susu sapi segar||||Susu dan Produk Susu|Mentah|
KP001|Margarin||||Lemak dan Minyak|Olahan/Produk|
KP002|Mentega||||Lemak dan Minyak|Olahan/Produk|
KP003|Santan (dengan air)||||Lemak dan Minyak|Olahan/Produk|
KP004|Santan kental||||Lemak dan Minyak|Olahan/Produk|
KR001|Daging kelapa setengah tua segar||||Lemak dan Minyak|Mentah|
KR002|Daging kelapa tua segar||||Lemak dan Minyak|Mentah|
KR003|Lemak babi||||Lemak dan Minyak|Mentah|
KR004|Lemak babi (bacon)||||Lemak dan Minyak|Mentah|
KR005|Lemak ikan||||Lemak dan Minyak|Mentah|
KR006|Gajih kerbau (gajih sapi)||||Lemak dan Minyak|Mentah|
KR007|Minyak hati ikan hiu||||Lemak dan Minyak|Mentah|
KR008|Minyak ikan||||Lemak dan Minyak|Mentah|
KR009|Minyak kacang||||Lemak dan Minyak|Mentah|
KR010|Minyak kedelai||||Lemak dan Minyak|Mentah|
KR011|Minyak kelapa||||Lemak dan Minyak|Mentah|
KR012|Minyak sawit||||Lemak dan Minyak|Mentah|
KR013|Minyak wijen||||Lemak dan Minyak|Mentah|
KR014|Minyak zaitun||||Lemak dan Minyak|Mentah|
MP001|Cokelat batangan manis||||manisan|Olahan/Produk|
MP002|Cokelat batangan pahit||||manisan|Olahan/Produk|
MP003|Cokelat batangan susu||||manisan|Olahan/Produk|
MP004|Cokelat bubuk||||manisan|Olahan/Produk|
MP005|Gula aren||||manisan|Olahan/Produk|
MP006|Gula kelapa||||manisan|Olahan/Produk|
MP007|Gula pasir||||manisan|Olahan/Produk|
MP008|Selai||||manisan|Olahan/Produk|
MP009|Kopi bubuk instan||||manisan|Olahan/Produk|
MP010|Madu||||manisan|Olahan/Produk|
MP011|Sirup markisa||||manisan|Olahan/Produk|
MP012|Sirup markisa BD||||manisan|Olahan/Produk|
MP013|Tetes tebu||||manisan|Olahan/Produk|
MP014|Sirup||||manisan|Olahan/Produk|
MP015|Sirup pirous||||manisan|Olahan/Produk|
MP016|Daun teh hijau kering||||manisan|Olahan/Produk|
MP017|Daun teh hitam kering||||manisan|Olahan/Produk|
MP018|Daun teh melati kering||||manisan|Olahan/Produk|
NP001|Terasi udang fermentasi / Balichong||||Rempah rempah|Olahan/Produk|
NP002|Ikan fermentasi / Bekasam||||Rempah rempah|Olahan/Produk|
NP003|Bekasang (perut ikan fermentasi)||||Rempah rempah|Olahan/Produk|
NP004|Cuka||||Rempah rempah|Olahan/Produk|
NP005|Kecap manis||||Rempah rempah|Olahan/Produk|
NP006|Petis||||Rempah rempah|Olahan/Produk|
NP007|Terasi udang kering||||Rempah rempah|Olahan/Produk|
NP008|Terasi udang||||Rempah rempah|Olahan/Produk|
NP009|Saus tomat||||Rempah rempah|Olahan/Produk|
NP010|Tempoyak||||Rempah rempah|Olahan/Produk|
NP011|Belacan||||Rempah rempah|Olahan/Produk|
NP012|Belacan dobo||||Rempah rempah|Olahan/Produk|
NP013|Belacan merah||||Rempah rempah|Olahan/Produk|
NR001|Asam arang coklat segar||||Rempah rempah|Mentah|
NR002|Asam arang merah segar||||Rempah rempah|Mentah|
NR003|Asam gelugur kering||||Rempah rempah|Mentah|
NR004|Asam gelugur segar||||Rempah rempah|Mentah|
NR005|Asam jawa matang pohon segar||||Rempah rempah|Mentah|
NR006|Asam payak segar||||Rempah rempah|Mentah|
NR007|Bawang merah segar||||Rempah rempah|Mentah|
NR008|Bawang putih segar||||Rempah rempah|Mentah|
NR009|Temu kunci segar||||Rempah rempah|Mentah|
NR010|Lengkuas segar||||Rempah rempah|Mentah|
NR011|Paprika merah segar||||Rempah rempah|Mentah|
NR012|Cabai hijau segar||||Rempah rempah|Mentah|
NR013|Cabai merah kering||||Rempah rempah|Mentah|
NR014|Cabai merah segar||||Rempah rempah|Mentah|
NR015|Cabai rawit segar||||Rempah rempah|Mentah|
NR016|Cengkeh kering||||Rempah rempah|Mentah|
NR017|Daun salam bubuk||||Rempah rempah|Mentah|
NR018|Jahe segar||||Rempah rempah|Mentah|
NR019|Kemiri||||Rempah rempah|Mentah|
NR020|Ketumbar kering||||Rempah rempah|Mentah|
NR021|Kluwek||||Rempah rempah|Mentah|
NR022|Kunyit segar||||Rempah rempah|Mentah|
NR023|Lada kering||||Rempah rempah|Mentah|
NR024|Biji pala kering||||Rempah rempah|Mentah|
PR001|Air kelapa muda segar||||Minuman Non-Alkohol|Mentah|
